{
  "Sapporo": {
    "city": "Sapporo",
    "coefficients": {
      "intercept": 64.34136292777076,
      "slope": 0.0730829188627422
    },
    "metrics": {
      "rSquared": 0.9381800740527593,
      "rmse": 1.1222029705402223,
      "sampleSize": 16
    },
    "historicalRange": [
      85,
      101
    ]
  },
  "Hakodate": {
    "city": "Hakodate",
    "coefficients": {
      "intercept": 63.96307829181495,
      "slope": 0.07354685646500593
    },
    "metrics": {
      "rSquared": 0.941215751852398,
      "rmse": 1.0838664396846744,
      "sampleSize": 16
    },
    "historicalRange": [
      88,
      103
    ]
  },
  "Aomori": {
    "city": "Aomori",
    "coefficients": {
      "intercept": 61.97352750634905,
      "slope": 0.07952096998197221
    },
    "metrics": {
      "rSquared": 0.9224624597546415,
      "rmse": 1.0015697314337761,
      "sampleSize": 16
    },
    "historicalRange": [
      93,
      105
    ]
  },
  "Akita": {
    "city": "Akita",
    "coefficients": {
      "intercept": 55.52641821522956,
      "slope": 0.09069861062151795
    },
    "metrics": {
      "rSquared": 0.9537721126131717,
      "rmse": 0.8641115251565272,
      "sampleSize": 16
    },
    "historicalRange": [
      94,
      108
    ]
  },
  "Morioka": {
    "city": "Morioka",
    "coefficients": {
      "intercept": 61.92358442030082,
      "slope": 0.07922101504100718
    },
    "metrics": {
      "rSquared": 0.9377203304220868,
      "rmse": 1.0373173381053769,
      "sampleSize": 16
    },
    "historicalRange": [
      94,
      109
    ]
  },
  "Yamagata": {
    "city": "Yamagata",
    "coefficients": {
      "intercept": 60.937965737113004,
      "slope": 0.08148318865073878
    },
    "metrics": {
      "rSquared": 0.9194308733569175,
      "rmse": 1.1916504760559317,
      "sampleSize": 16
    },
    "historicalRange": [
      98,
      113
    ]
  },
  "Sendai": {
    "city": "Sendai",
    "coefficients": {
      "intercept": 65.57529142033466,
      "slope": 0.07329900353046857
    },
    "metrics": {
      "rSquared": 0.9457609878649749,
      "rmse": 0.9601308948025132,
      "sampleSize": 16
    },
    "historicalRange": [
      96,
      110
    ]
  },
  "Fukushima": {
    "city": "Fukushima",
    "coefficients": {
      "intercept": 55.05631750887339,
      "slope": 0.09334460625162687
    },
    "metrics": {
      "rSquared": 0.914856246864462,
      "rmse": 1.252931741331699,
      "sampleSize": 16
    },
    "historicalRange": [
      100,
      114
    ]
  },
  "Niigata": {
    "city": "Niigata",
    "coefficients": {
      "intercept": 62.19511023941567,
      "slope": 0.07893953740024347
    },
    "metrics": {
      "rSquared": 0.9401860005465731,
      "rmse": 0.9570276206205336,
      "sampleSize": 16
    },
    "historicalRange": [
      98,
      112
    ]
  },
  "Kanazawa": {
    "city": "Kanazawa",
    "coefficients": {
      "intercept": 64.85462126552672,
      "slope": 0.07478509872070212
    },
    "metrics": {
      "rSquared": 0.9415216890458222,
      "rmse": 0.9966030115408856,
      "sampleSize": 16
    },
    "historicalRange": [
      101,
      114
    ]
  },
  "Toyama": {
    "city": "Toyama",
    "coefficients": {
      "intercept": 65.2354592829974,
      "slope": 0.07494983377759143
    },
    "metrics": {
      "rSquared": 0.8693485934109967,
      "rmse": 1.3273102729669473,
      "sampleSize": 16
    },
    "historicalRange": [
      101,
      116
    ]
  },
  "Fukui": {
    "city": "Fukui",
    "coefficients": {
      "intercept": 59.457213157506835,
      "slope": 0.08437825483395993
    },
    "metrics": {
      "rSquared": 0.9607317317061873,
      "rmse": 0.8377152881969383,
      "sampleSize": 16
    },
    "historicalRange": [
      102,
      118
    ]
  },
  "Nagano": {
    "city": "Nagano",
    "coefficients": {
      "intercept": 58.53151793618008,
      "slope": 0.0861231716056148
    },
    "metrics": {
      "rSquared": 0.9342089296916998,
      "rmse": 0.9839234318441156,
      "sampleSize": 16
    },
    "historicalRange": [
      102,
      115
    ]
  },
  "Kofu": {
    "city": "Kofu",
    "coefficients": {
      "intercept": 65.47004335058034,
      "slope": 0.07490141238987554
    },
    "metrics": {
      "rSquared": 0.915324994393455,
      "rmse": 1.2040468052660709,
      "sampleSize": 16
    },
    "historicalRange": [
      104,
      118
    ]
  },
  "Maebashi": {
    "city": "Maebashi",
    "coefficients": {
      "intercept": 63.43265540630997,
      "slope": 0.07773662367798652
    },
    "metrics": {
      "rSquared": 0.9157545118989181,
      "rmse": 1.2478882939263578,
      "sampleSize": 16
    },
    "historicalRange": [
      104,
      118
    ]
  },
  "Utsunomiya": {
    "city": "Utsunomiya",
    "coefficients": {
      "intercept": 56.941835832663045,
      "slope": 0.08848264273256508
    },
    "metrics": {
      "rSquared": 0.9259113746928791,
      "rmse": 1.1086562666117172,
      "sampleSize": 16
    },
    "historicalRange": [
      102,
      117
    ]
  },
  "Mito": {
    "city": "Mito",
    "coefficients": {
      "intercept": 56.765598133035965,
      "slope": 0.08900432416985957
    },
    "metrics": {
      "rSquared": 0.9393552771928999,
      "rmse": 1.102926950377486,
      "sampleSize": 16
    },
    "historicalRange": [
      102,
      117
    ]
  },
  "Tokyo": {
    "city": "Tokyo",
    "coefficients": {
      "intercept": 53.77457860365352,
      "slope": 0.09293017173217769
    },
    "metrics": {
      "rSquared": 0.875120361304929,
      "rmse": 1.3264744991027924,
      "sampleSize": 16
    },
    "historicalRange": [
      106,
      119
    ]
  },
  "Yokohama": {
    "city": "Yokohama",
    "coefficients": {
      "intercept": 61.7151505593126,
      "slope": 0.08042814443509143
    },
    "metrics": {
      "rSquared": 0.9293699343445576,
      "rmse": 1.0052944424394037,
      "sampleSize": 16
    },
    "historicalRange": [
      105,
      118
    ]
  },
  "Chiba": {
    "city": "Chiba",
    "coefficients": {
      "intercept": 60.67622720473156,
      "slope": 0.08249469144937328
    },
    "metrics": {
      "rSquared": 0.9474192569326735,
      "rmse": 1.0928693256895896,
      "sampleSize": 16
    },
    "historicalRange": [
      103,
      120
    ]
  },
  "Kumagaya": {
    "city": "Kumagaya",
    "coefficients": {
      "intercept": 62.1318149275103,
      "slope": 0.07983712189010202
    },
    "metrics": {
      "rSquared": 0.8709592960948949,
      "rmse": 1.2840550734051461,
      "sampleSize": 16
    },
    "historicalRange": [
      104,
      116
    ]
  },
  "Shizuoka": {
    "city": "Shizuoka",
    "coefficients": {
      "intercept": 65.11125033358326,
      "slope": 0.0760493576139584
    },
    "metrics": {
      "rSquared": 0.890277339015987,
      "rmse": 1.0466671836177222,
      "sampleSize": 16
    },
    "historicalRange": [
      106,
      119
    ]
  },
  "Nagoya": {
    "city": "Nagoya",
    "coefficients": {
      "intercept": 66.20505936131718,
      "slope": 0.0731113038079027
    },
    "metrics": {
      "rSquared": 0.8843541236728499,
      "rmse": 1.1292771278696259,
      "sampleSize": 16
    },
    "historicalRange": [
      106,
      118
    ]
  },
  "Gifu": {
    "city": "Gifu",
    "coefficients": {
      "intercept": 64.67920695441455,
      "slope": 0.07534750436333738
    },
    "metrics": {
      "rSquared": 0.9591963776424534,
      "rmse": 0.8859075424576969,
      "sampleSize": 16
    },
    "historicalRange": [
      105,
      119
    ]
  },
  "Tsu": {
    "city": "Tsu",
    "coefficients": {
      "intercept": 66.26689435722909,
      "slope": 0.07386111609467026
    },
    "metrics": {
      "rSquared": 0.9337837333551132,
      "rmse": 1.1717307300378677,
      "sampleSize": 16
    },
    "historicalRange": [
      105,
      121
    ]
  },
  "Otsu": {
    "city": "Otsu",
    "coefficients": {
      "intercept": 63.626833189446764,
      "slope": 0.0771224723896048
    },